algoritmo,tamanho,repeticao,tempo_s
inverter,1000,1,0.000000237
inverter,1000,2,0.000000221
inverter,1000,3,0.000000221
inverter,1000,4,0.000000222
inverter,1000,5,0.000000223
inverter,1000,6,0.000000243
inverter,1000,7,0.000000213
inverter,1000,8,0.000000218
inverter,1000,9,0.000000214
inverter,1000,10,0.000000213
inverter,1000,11,0.000000212
inverter,1000,12,0.000000226
inverter,1000,13,0.000000246
inverter,1000,14,0.000000219
inverter,1000,15,0.000000219
inverter,1000,16,0.000000219
inverter,1000,17,0.000000234
inverter,1000,18,0.000000220
inverter,1000,19,0.000000226
inverter,1000,20,0.000000223
inverter,1000,21,0.000000211
inverter,1000,22,0.000000212
inverter,1000,23,0.000000224
inverter,1000,24,0.000000213
inverter,1000,25,0.000000213
inverter,1000,26,0.000000212
inverter,1000,27,0.000000228
inverter,1000,28,0.000000243
inverter,1000,29,0.000000218
inverter,1000,30,0.000000220
inverter,1000,31,0.000000219
inverter,1000,32,0.000000220
inverter,1000,33,0.000000222
inverter,1000,34,0.000000219
inverter,1000,35,0.000000222
inverter,1000,36,0.000000222
inverter,1000,37,0.000000220
inverter,1000,38,0.000000221
inverter,1000,39,0.000000220
inverter,1000,40,0.000000213
inverter,1000,41,0.000000224
inverter,1000,42,0.000000219
inverter,1000,43,0.000000243
inverter,1000,44,0.000000222
inverter,1000,45,0.000000244
inverter,1000,46,0.000000247
inverter,1000,47,0.000000221
inverter,1000,48,0.000000221
inverter,1000,49,0.000000221
inverter,1000,50,0.000000220
inverter,1000,51,0.000000222
inverter,1000,52,0.000000220
inverter,1000,53,0.000000220
inverter,1000,54,0.000000226
inverter,1000,55,0.000000221
inverter,1000,56,0.000000221
inverter,1000,57,0.000000220
inverter,1000,58,0.000000221
inverter,1000,59,0.000000220
inverter,1000,60,0.000000221
inverter,1000,61,0.000000221
inverter,1000,62,0.000000245
inverter,1000,63,0.000000221
inverter,1000,64,0.000000239
inverter,1000,65,0.000000219
inverter,1000,66,0.000000220
inverter,1000,67,0.000000223
inverter,1000,68,0.000000219
inverter,1000,69,0.000000221
inverter,1000,70,0.000000220
inverter,1000,71,0.000000222
inverter,1000,72,0.000000221
inverter,1000,73,0.000000221
inverter,1000,74,0.000000246
inverter,1000,75,0.000000221
inverter,1000,76,0.000000220
inverter,1000,77,0.000000221
inverter,1000,78,0.000000221
inverter,1000,79,0.000000241
inverter,1000,80,0.000000226
inverter,1000,81,0.000000214
inverter,1000,82,0.000000214
inverter,1000,83,0.000000214
inverter,1000,84,0.000000213
inverter,1000,85,0.000000213
inverter,1000,86,0.000000227
inverter,1000,87,0.000000245
inverter,1000,88,0.000000245
inverter,1000,89,0.000000221
inverter,1000,90,0.000000261
inverter,1000,91,0.000000263
inverter,1000,92,0.000000256
inverter,1000,93,0.000000242
inverter,1000,94,0.000000241
inverter,1000,95,0.000000247
inverter,1000,96,0.000000241
inverter,1000,97,0.000000243
inverter,1000,98,0.000000242
inverter,1000,99,0.000000242
inverter,1000,100,0.000000243
buscaSequencial,1000,1,0.000000274
buscaSequencial,1000,2,0.000000262
buscaSequencial,1000,3,0.000000259
buscaSequencial,1000,4,0.000000259
buscaSequencial,1000,5,0.000000258
buscaSequencial,1000,6,0.000000260
buscaSequencial,1000,7,0.000000260
buscaSequencial,1000,8,0.000000260
buscaSequencial,1000,9,0.000000259
buscaSequencial,1000,10,0.000000260
buscaSequencial,1000,11,0.000000261
buscaSequencial,1000,12,0.000000262
buscaSequencial,1000,13,0.000000268
buscaSequencial,1000,14,0.000000261
buscaSequencial,1000,15,0.000000280
buscaSequencial,1000,16,0.000000263
buscaSequencial,1000,17,0.000000264
buscaSequencial,1000,18,0.000000264
buscaSequencial,1000,19,0.000000264
buscaSequencial,1000,20,0.000000263
buscaSequencial,1000,21,0.000000274
buscaSequencial,1000,22,0.000000264
buscaSequencial,1000,23,0.000000269
buscaSequencial,1000,24,0.000000261
buscaSequencial,1000,25,0.000000262
buscaSequencial,1000,26,0.000000262
buscaSequencial,1000,27,0.000000259
buscaSequencial,1000,28,0.000000261
buscaSequencial,1000,29,0.000000261
buscaSequencial,1000,30,0.000000260
buscaSequencial,1000,31,0.000000261
buscaSequencial,1000,32,0.000000269
buscaSequencial,1000,33,0.000000270
buscaSequencial,1000,34,0.000000274
buscaSequencial,1000,35,0.000000288
buscaSequencial,1000,36,0.000000263
buscaSequencial,1000,37,0.000000261
buscaSequencial,1000,38,0.000000261
buscaSequencial,1000,39,0.000000259
buscaSequencial,1000,40,0.000000261
buscaSequencial,1000,41,0.000000261
buscaSequencial,1000,42,0.000000265
buscaSequencial,1000,43,0.000000262
buscaSequencial,1000,44,0.000000259
buscaSequencial,1000,45,0.000000259
buscaSequencial,1000,46,0.000000262
buscaSequencial,1000,47,0.000000262
buscaSequencial,1000,48,0.000000261
buscaSequencial,1000,49,0.000000259
buscaSequencial,1000,50,0.000000262
buscaSequencial,1000,51,0.000000261
buscaSequencial,1000,52,0.000000264
buscaSequencial,1000,53,0.000000260
buscaSequencial,1000,54,0.000000260
buscaSequencial,1000,55,0.000000259
buscaSequencial,1000,56,0.000000260
buscaSequencial,1000,57,0.000000259
buscaSequencial,1000,58,0.000000258
buscaSequencial,1000,59,0.000000260
buscaSequencial,1000,60,0.000000259
buscaSequencial,1000,61,0.000000261
buscaSequencial,1000,62,0.000000261
buscaSequencial,1000,63,0.000000259
buscaSequencial,1000,64,0.000000260
buscaSequencial,1000,65,0.000000261
buscaSequencial,1000,66,0.000000259
buscaSequencial,1000,67,0.000000260
buscaSequencial,1000,68,0.000000261
buscaSequencial,1000,69,0.000000260
buscaSequencial,1000,70,0.000000259
buscaSequencial,1000,71,0.000000259
buscaSequencial,1000,72,0.000000259
buscaSequencial,1000,73,0.000000268
buscaSequencial,1000,74,0.000000259
buscaSequencial,1000,75,0.000000260
buscaSequencial,1000,76,0.000000261
buscaSequencial,1000,77,0.000000261
buscaSequencial,1000,78,0.000000259
buscaSequencial,1000,79,0.000000261
buscaSequencial,1000,80,0.000000258
buscaSequencial,1000,81,0.000000259
buscaSequencial,1000,82,0.000000260
buscaSequencial,1000,83,0.000000274
buscaSequencial,1000,84,0.000000261
buscaSequencial,1000,85,0.000000259
buscaSequencial,1000,86,0.000000260
buscaSequencial,1000,87,0.000000271
buscaSequencial,1000,88,0.000000261
buscaSequencial,1000,89,0.000000274
buscaSequencial,1000,90,0.000000264
buscaSequencial,1000,91,0.000000259
buscaSequencial,1000,92,0.000000262
buscaSequencial,1000,93,0.000000259
buscaSequencial,1000,94,0.000000261
buscaSequencial,1000,95,0.000000261
buscaSequencial,1000,96,0.000000260
buscaSequencial,1000,97,0.000000260
buscaSequencial,1000,98,0.000000259
buscaSequencial,1000,99,0.000000260
buscaSequencial,1000,100,0.000000260
buscaBinariaIterativa,1000,1,0.000000043
buscaBinariaIterativa,1000,2,0.000000026
buscaBinariaIterativa,1000,3,0.000000023
buscaBinariaIterativa,1000,4,0.000000023
buscaBinariaIterativa,1000,5,0.000000022
buscaBinariaIterativa,1000,6,0.000000023
buscaBinariaIterativa,1000,7,0.000000023
buscaBinariaIterativa,1000,8,0.000000025
buscaBinariaIterativa,1000,9,0.000000024
buscaBinariaIterativa,1000,10,0.000000023
buscaBinariaIterativa,1000,11,0.000000023
buscaBinariaIterativa,1000,12,0.000000024
buscaBinariaIterativa,1000,13,0.000000023
buscaBinariaIterativa,1000,14,0.000000023
buscaBinariaIterativa,1000,15,0.000000022
buscaBinariaIterativa,1000,16,0.000000023
buscaBinariaIterativa,1000,17,0.000000023
buscaBinariaIterativa,1000,18,0.000000023
buscaBinariaIterativa,1000,19,0.000000023
buscaBinariaIterativa,1000,20,0.000000025
buscaBinariaIterativa,1000,21,0.000000023
buscaBinariaIterativa,1000,22,0.000000023
buscaBinariaIterativa,1000,23,0.000000023
buscaBinariaIterativa,1000,24,0.000000024
buscaBinariaIterativa,1000,25,0.000000023
buscaBinariaIterativa,1000,26,0.000000023
buscaBinariaIterativa,1000,27,0.000000024
buscaBinariaIterativa,1000,28,0.000000024
buscaBinariaIterativa,1000,29,0.000000023
buscaBinariaIterativa,1000,30,0.000000024
buscaBinariaIterativa,1000,31,0.000000023
buscaBinariaIterativa,1000,32,0.000000024
buscaBinariaIterativa,1000,33,0.000000023
buscaBinariaIterativa,1000,34,0.000000023
buscaBinariaIterativa,1000,35,0.000000024
buscaBinariaIterativa,1000,36,0.000000024
buscaBinariaIterativa,1000,37,0.000000022
buscaBinariaIterativa,1000,38,0.000000023
buscaBinariaIterativa,1000,39,0.000000024
buscaBinariaIterativa,1000,40,0.000000024
buscaBinariaIterativa,1000,41,0.000000024
buscaBinariaIterativa,1000,42,0.000000022
buscaBinariaIterativa,1000,43,0.000000023
buscaBinariaIterativa,1000,44,0.000000023
buscaBinariaIterativa,1000,45,0.000000024
buscaBinariaIterativa,1000,46,0.000000024
buscaBinariaIterativa,1000,47,0.000000023
buscaBinariaIterativa,1000,48,0.000000024
buscaBinariaIterativa,1000,49,0.000000024
buscaBinariaIterativa,1000,50,0.000000023
buscaBinariaIterativa,1000,51,0.000000023
buscaBinariaIterativa,1000,52,0.000000023
buscaBinariaIterativa,1000,53,0.000000023
buscaBinariaIterativa,1000,54,0.000000022
buscaBinariaIterativa,1000,55,0.000000025
buscaBinariaIterativa,1000,56,0.000000023
buscaBinariaIterativa,1000,57,0.000000023
buscaBinariaIterativa,1000,58,0.000000024
buscaBinariaIterativa,1000,59,0.000000024
buscaBinariaIterativa,1000,60,0.000000023
buscaBinariaIterativa,1000,61,0.000000023
buscaBinariaIterativa,1000,62,0.000000023
buscaBinariaIterativa,1000,63,0.000000023
buscaBinariaIterativa,1000,64,0.000000024
buscaBinariaIterativa,1000,65,0.000000024
buscaBinariaIterativa,1000,66,0.000000023
buscaBinariaIterativa,1000,67,0.000000023
buscaBinariaIterativa,1000,68,0.000000024
buscaBinariaIterativa,1000,69,0.000000023
buscaBinariaIterativa,1000,70,0.000000024
buscaBinariaIterativa,1000,71,0.000000024
buscaBinariaIterativa,1000,72,0.000000023
buscaBinariaIterativa,1000,73,0.000000024
buscaBinariaIterativa,1000,74,0.000000024
buscaBinariaIterativa,1000,75,0.000000023
buscaBinariaIterativa,1000,76,0.000000024
buscaBinariaIterativa,1000,77,0.000000023
buscaBinariaIterativa,1000,78,0.000000023
buscaBinariaIterativa,1000,79,0.000000024
buscaBinariaIterativa,1000,80,0.000000023
buscaBinariaIterativa,1000,81,0.000000024
buscaBinariaIterativa,1000,82,0.000000024
buscaBinariaIterativa,1000,83,0.000000022
buscaBinariaIterativa,1000,84,0.000000025
buscaBinariaIterativa,1000,85,0.000000023
buscaBinariaIterativa,1000,86,0.000000024
buscaBinariaIterativa,1000,87,0.000000024
buscaBinariaIterativa,1000,88,0.000000024
buscaBinariaIterativa,1000,89,0.000000023
buscaBinariaIterativa,1000,90,0.000000023
buscaBinariaIterativa,1000,91,0.000000023
buscaBinariaIterativa,1000,92,0.000000023
buscaBinariaIterativa,1000,93,0.000000024
buscaBinariaIterativa,1000,94,0.000000023
buscaBinariaIterativa,1000,95,0.000000024
buscaBinariaIterativa,1000,96,0.000000022
buscaBinariaIterativa,1000,97,0.000000024
buscaBinariaIterativa,1000,98,0.000000023
buscaBinariaIterativa,1000,99,0.000000023
buscaBinariaIterativa,1000,100,0.000000023
buscaBinariaRecursiva,1000,1,0.000000045
buscaBinariaRecursiva,1000,2,0.000000039
buscaBinariaRecursiva,1000,3,0.000000024
buscaBinariaRecursiva,1000,4,0.000000024
buscaBinariaRecursiva,1000,5,0.000000023
buscaBinariaRecursiva,1000,6,0.000000023
buscaBinariaRecursiva,1000,7,0.000000024
buscaBinariaRecursiva,1000,8,0.000000022
buscaBinariaRecursiva,1000,9,0.000000024
buscaBinariaRecursiva,1000,10,0.000000024
buscaBinariaRecursiva,1000,11,0.000000024
buscaBinariaRecursiva,1000,12,0.000000024
buscaBinariaRecursiva,1000,13,0.000000025
buscaBinariaRecursiva,1000,14,0.000000023
buscaBinariaRecursiva,1000,15,0.000000025
buscaBinariaRecursiva,1000,16,0.000000024
buscaBinariaRecursiva,1000,17,0.000000022
buscaBinariaRecursiva,1000,18,0.000000025
buscaBinariaRecursiva,1000,19,0.000000025
buscaBinariaRecursiva,1000,20,0.000000025
buscaBinariaRecursiva,1000,21,0.000000024
buscaBinariaRecursiva,1000,22,0.000000024
buscaBinariaRecursiva,1000,23,0.000000024
buscaBinariaRecursiva,1000,24,0.000000023
buscaBinariaRecursiva,1000,25,0.000000023
buscaBinariaRecursiva,1000,26,0.000000024
buscaBinariaRecursiva,1000,27,0.000000023
buscaBinariaRecursiva,1000,28,0.000000023
buscaBinariaRecursiva,1000,29,0.000000025
buscaBinariaRecursiva,1000,30,0.000000023
buscaBinariaRecursiva,1000,31,0.000000024
buscaBinariaRecursiva,1000,32,0.000000024
buscaBinariaRecursiva,1000,33,0.000000024
buscaBinariaRecursiva,1000,34,0.000000023
buscaBinariaRecursiva,1000,35,0.000000024
buscaBinariaRecursiva,1000,36,0.000000023
buscaBinariaRecursiva,1000,37,0.000000024
buscaBinariaRecursiva,1000,38,0.000000025
buscaBinariaRecursiva,1000,39,0.000000025
buscaBinariaRecursiva,1000,40,0.000000024
buscaBinariaRecursiva,1000,41,0.000000024
buscaBinariaRecursiva,1000,42,0.000000025
buscaBinariaRecursiva,1000,43,0.000000024
buscaBinariaRecursiva,1000,44,0.000000025
buscaBinariaRecursiva,1000,45,0.000000025
buscaBinariaRecursiva,1000,46,0.000000024
buscaBinariaRecursiva,1000,47,0.000000024
buscaBinariaRecursiva,1000,48,0.000000024
buscaBinariaRecursiva,1000,49,0.000000023
buscaBinariaRecursiva,1000,50,0.000000024
buscaBinariaRecursiva,1000,51,0.000000022
buscaBinariaRecursiva,1000,52,0.000000025
buscaBinariaRecursiva,1000,53,0.000000024
buscaBinariaRecursiva,1000,54,0.000000024
buscaBinariaRecursiva,1000,55,0.000000024
buscaBinariaRecursiva,1000,56,0.000000024
buscaBinariaRecursiva,1000,57,0.000000026
buscaBinariaRecursiva,1000,58,0.000000024
buscaBinariaRecursiva,1000,59,0.000000025
buscaBinariaRecursiva,1000,60,0.000000024
buscaBinariaRecursiva,1000,61,0.000000024
buscaBinariaRecursiva,1000,62,0.000000024
buscaBinariaRecursiva,1000,63,0.000000023
buscaBinariaRecursiva,1000,64,0.000000023
buscaBinariaRecursiva,1000,65,0.000000024
buscaBinariaRecursiva,1000,66,0.000000024
buscaBinariaRecursiva,1000,67,0.000000024
buscaBinariaRecursiva,1000,68,0.000000023
buscaBinariaRecursiva,1000,69,0.000000025
buscaBinariaRecursiva,1000,70,0.000000026
buscaBinariaRecursiva,1000,71,0.000000023
buscaBinariaRecursiva,1000,72,0.000000025
buscaBinariaRecursiva,1000,73,0.000000024
buscaBinariaRecursiva,1000,74,0.000000023
buscaBinariaRecursiva,1000,75,0.000000023
buscaBinariaRecursiva,1000,76,0.000000024
buscaBinariaRecursiva,1000,77,0.000000024
buscaBinariaRecursiva,1000,78,0.000000025
buscaBinariaRecursiva,1000,79,0.000000024
buscaBinariaRecursiva,1000,80,0.000000023
buscaBinariaRecursiva,1000,81,0.000000031
buscaBinariaRecursiva,1000,82,0.000000024
buscaBinariaRecursiva,1000,83,0.000000024
buscaBinariaRecursiva,1000,84,0.000000024
buscaBinariaRecursiva,1000,85,0.000000024
buscaBinariaRecursiva,1000,86,0.000000024
buscaBinariaRecursiva,1000,87,0.000000025
buscaBinariaRecursiva,1000,88,0.000000024
buscaBinariaRecursiva,1000,89,0.000000024
buscaBinariaRecursiva,1000,90,0.000000024
buscaBinariaRecursiva,1000,91,0.000000024
buscaBinariaRecursiva,1000,92,0.000000024
buscaBinariaRecursiva,1000,93,0.000000023
buscaBinariaRecursiva,1000,94,0.000000025
buscaBinariaRecursiva,1000,95,0.000000024
buscaBinariaRecursiva,1000,96,0.000000023
buscaBinariaRecursiva,1000,97,0.000000024
buscaBinariaRecursiva,1000,98,0.000000023
buscaBinariaRecursiva,1000,99,0.000000023
buscaBinariaRecursiva,1000,100,0.000000024
inverter,50000,1,0.000012718
inverter,50000,2,0.000012738
inverter,50000,3,0.000012724
inverter,50000,4,0.000012706
inverter,50000,5,0.000012738
inverter,50000,6,0.000012702
inverter,50000,7,0.000012739
inverter,50000,8,0.000012745
inverter,50000,9,0.000012873
inverter,50000,10,0.000012817
inverter,50000,11,0.000014429
inverter,50000,12,0.000014532
inverter,50000,13,0.000014498
inverter,50000,14,0.000014529
inverter,50000,15,0.000014498
inverter,50000,16,0.000014535
inverter,50000,17,0.000012846
inverter,50000,18,0.000012632
inverter,50000,19,0.000012629
inverter,50000,20,0.000012588
inverter,50000,21,0.000012648
inverter,50000,22,0.000012609
inverter,50000,23,0.000012631
inverter,50000,24,0.000012650
inverter,50000,25,0.000012600
inverter,50000,26,0.000012640
inverter,50000,27,0.000012607
inverter,50000,28,0.000012634
inverter,50000,29,0.000012133
inverter,50000,30,0.000011120
inverter,50000,31,0.000011157
inverter,50000,32,0.000011159
inverter,50000,33,0.000011135
inverter,50000,34,0.000011148
inverter,50000,35,0.000011110
inverter,50000,36,0.000011135
inverter,50000,37,0.000011155
inverter,50000,38,0.000011109
inverter,50000,39,0.000011145
inverter,50000,40,0.000011140
inverter,50000,41,0.000011114
inverter,50000,42,0.000011144
inverter,50000,43,0.000011129
inverter,50000,44,0.000011122
inverter,50000,45,0.000011197
inverter,50000,46,0.000011119
inverter,50000,47,0.000011127
inverter,50000,48,0.000011147
inverter,50000,49,0.000011106
inverter,50000,50,0.000011417
inverter,50000,51,0.000011879
inverter,50000,52,0.000011986
inverter,50000,53,0.000011911
inverter,50000,54,0.000011869
inverter,50000,55,0.000011171
inverter,50000,56,0.000011156
inverter,50000,57,0.000011115
inverter,50000,58,0.000011148
inverter,50000,59,0.000011136
inverter,50000,60,0.000011120
inverter,50000,61,0.000011150
inverter,50000,62,0.000011133
inverter,50000,63,0.000011114
inverter,50000,64,0.000011149
inverter,50000,65,0.000011129
inverter,50000,66,0.000011127
inverter,50000,67,0.000011144
inverter,50000,68,0.000011097
inverter,50000,69,0.000011139
inverter,50000,70,0.000011140
inverter,50000,71,0.000011112
inverter,50000,72,0.000011147
inverter,50000,73,0.000011132
inverter,50000,74,0.000011114
inverter,50000,75,0.000011154
inverter,50000,76,0.000011132
inverter,50000,77,0.000013027
inverter,50000,78,0.000011140
inverter,50000,79,0.000011594
inverter,50000,80,0.000011981
inverter,50000,81,0.000011871
inverter,50000,82,0.000011869
inverter,50000,83,0.000011898
inverter,50000,84,0.000011857
inverter,50000,85,0.000011884
inverter,50000,86,0.000011879
inverter,50000,87,0.000011860
inverter,50000,88,0.000011883
inverter,50000,89,0.000011865
inverter,50000,90,0.000011864
inverter,50000,91,0.000011883
inverter,50000,92,0.000011854
inverter,50000,93,0.000011888
inverter,50000,94,0.000011884
inverter,50000,95,0.000011915
inverter,50000,96,0.000011897
inverter,50000,97,0.000011862
inverter,50000,98,0.000011878
inverter,50000,99,0.000011880
inverter,50000,100,0.000011342
buscaSequencial,50000,1,0.000012313
buscaSequencial,50000,2,0.000012168
buscaSequencial,50000,3,0.000012107
buscaSequencial,50000,4,0.000012148
buscaSequencial,50000,5,0.000012164
buscaSequencial,50000,6,0.000012151
buscaSequencial,50000,7,0.000012143
buscaSequencial,50000,8,0.000012167
buscaSequencial,50000,9,0.000012155
buscaSequencial,50000,10,0.000012136
buscaSequencial,50000,11,0.000012241
buscaSequencial,50000,12,0.000012224
buscaSequencial,50000,13,0.000012253
buscaSequencial,50000,14,0.000010967
buscaSequencial,50000,15,0.000010710
buscaSequencial,50000,16,0.000010844
buscaSequencial,50000,17,0.000010713
buscaSequencial,50000,18,0.000010674
buscaSequencial,50000,19,0.000010739
buscaSequencial,50000,20,0.000010773
buscaSequencial,50000,21,0.000010840
buscaSequencial,50000,22,0.000010738
buscaSequencial,50000,23,0.000010849
buscaSequencial,50000,24,0.000010692
buscaSequencial,50000,25,0.000010849
buscaSequencial,50000,26,0.000010694
buscaSequencial,50000,27,0.000010687
buscaSequencial,50000,28,0.000010694
buscaSequencial,50000,29,0.000010715
buscaSequencial,50000,30,0.000010695
buscaSequencial,50000,31,0.000010729
buscaSequencial,50000,32,0.000010823
buscaSequencial,50000,33,0.000010726
buscaSequencial,50000,34,0.000010677
buscaSequencial,50000,35,0.000010689
buscaSequencial,50000,36,0.000010713
buscaSequencial,50000,37,0.000010677
buscaSequencial,50000,38,0.000010829
buscaSequencial,50000,39,0.000010707
buscaSequencial,50000,40,0.000010678
buscaSequencial,50000,41,0.000010726
buscaSequencial,50000,42,0.000010829
buscaSequencial,50000,43,0.000010678
buscaSequencial,50000,44,0.000010831
buscaSequencial,50000,45,0.000010700
buscaSequencial,50000,46,0.000010674
buscaSequencial,50000,47,0.000010714
buscaSequencial,50000,48,0.000010705
buscaSequencial,50000,49,0.000010731
buscaSequencial,50000,50,0.000010713
buscaSequencial,50000,51,0.000010844
buscaSequencial,50000,52,0.000012741
buscaSequencial,50000,53,0.000011130
buscaSequencial,50000,54,0.000011415
buscaSequencial,50000,55,0.000011408
buscaSequencial,50000,56,0.000011409
buscaSequencial,50000,57,0.000011386
buscaSequencial,50000,58,0.000011434
buscaSequencial,50000,59,0.000011578
buscaSequencial,50000,60,0.000011398
buscaSequencial,50000,61,0.000011434
buscaSequencial,50000,62,0.000011401
buscaSequencial,50000,63,0.000011417
buscaSequencial,50000,64,0.000011424
buscaSequencial,50000,65,0.000011414
buscaSequencial,50000,66,0.000011430
buscaSequencial,50000,67,0.000011416
buscaSequencial,50000,68,0.000011403
buscaSequencial,50000,69,0.000011446
buscaSequencial,50000,70,0.000011401
buscaSequencial,50000,71,0.000011423
buscaSequencial,50000,72,0.000011438
buscaSequencial,50000,73,0.000011382
buscaSequencial,50000,74,0.000011431
buscaSequencial,50000,75,0.000011418
buscaSequencial,50000,76,0.000011375
buscaSequencial,50000,77,0.000010714
buscaSequencial,50000,78,0.000010716
buscaSequencial,50000,79,0.000010689
buscaSequencial,50000,80,0.000010708
buscaSequencial,50000,81,0.000010680
buscaSequencial,50000,82,0.000010677
buscaSequencial,50000,83,0.000010734
buscaSequencial,50000,84,0.000010797
buscaSequencial,50000,85,0.000010697
buscaSequencial,50000,86,0.000010749
buscaSequencial,50000,87,0.000010817
buscaSequencial,50000,88,0.000010700
buscaSequencial,50000,89,0.000010716
buscaSequencial,50000,90,0.000010712
buscaSequencial,50000,91,0.000010761
buscaSequencial,50000,92,0.000010708
buscaSequencial,50000,93,0.000010703
buscaSequencial,50000,94,0.000010711
buscaSequencial,50000,95,0.000010746
buscaSequencial,50000,96,0.000010666
buscaSequencial,50000,97,0.000010854
buscaSequencial,50000,98,0.000010777
buscaSequencial,50000,99,0.000010794
buscaSequencial,50000,100,0.000010737
buscaBinariaIterativa,50000,1,0.000000038
buscaBinariaIterativa,50000,2,0.000000040
buscaBinariaIterativa,50000,3,0.000000036
buscaBinariaIterativa,50000,4,0.000000030
buscaBinariaIterativa,50000,5,0.000000029
buscaBinariaIterativa,50000,6,0.000000029
buscaBinariaIterativa,50000,7,0.000000028
buscaBinariaIterativa,50000,8,0.000000030
buscaBinariaIterativa,50000,9,0.000000027
buscaBinariaIterativa,50000,10,0.000000028
buscaBinariaIterativa,50000,11,0.000000026
buscaBinariaIterativa,50000,12,0.000000028
buscaBinariaIterativa,50000,13,0.000000028
buscaBinariaIterativa,50000,14,0.000000027
buscaBinariaIterativa,50000,15,0.000000029
buscaBinariaIterativa,50000,16,0.000000028
buscaBinariaIterativa,50000,17,0.000000028
buscaBinariaIterativa,50000,18,0.000000027
buscaBinariaIterativa,50000,19,0.000000027
buscaBinariaIterativa,50000,20,0.000000027
buscaBinariaIterativa,50000,21,0.000000027
buscaBinariaIterativa,50000,22,0.000000027
buscaBinariaIterativa,50000,23,0.000000027
buscaBinariaIterativa,50000,24,0.000000027
buscaBinariaIterativa,50000,25,0.000000027
buscaBinariaIterativa,50000,26,0.000000027
buscaBinariaIterativa,50000,27,0.000000028
buscaBinariaIterativa,50000,28,0.000000027
buscaBinariaIterativa,50000,29,0.000000027
buscaBinariaIterativa,50000,30,0.000000030
buscaBinariaIterativa,50000,31,0.000000027
buscaBinariaIterativa,50000,32,0.000000027
buscaBinariaIterativa,50000,33,0.000000027
buscaBinariaIterativa,50000,34,0.000000027
buscaBinariaIterativa,50000,35,0.000000028
buscaBinariaIterativa,50000,36,0.000000028
buscaBinariaIterativa,50000,37,0.000000029
buscaBinariaIterativa,50000,38,0.000000037
buscaBinariaIterativa,50000,39,0.000000028
buscaBinariaIterativa,50000,40,0.000000027
buscaBinariaIterativa,50000,41,0.000000028
buscaBinariaIterativa,50000,42,0.000000028
buscaBinariaIterativa,50000,43,0.000000028
buscaBinariaIterativa,50000,44,0.000000027
buscaBinariaIterativa,50000,45,0.000000026
buscaBinariaIterativa,50000,46,0.000000028
buscaBinariaIterativa,50000,47,0.000000027
buscaBinariaIterativa,50000,48,0.000000026
buscaBinariaIterativa,50000,49,0.000000027
buscaBinariaIterativa,50000,50,0.000000027
buscaBinariaIterativa,50000,51,0.000000027
buscaBinariaIterativa,50000,52,0.000000028
buscaBinariaIterativa,50000,53,0.000000029
buscaBinariaIterativa,50000,54,0.000000027
buscaBinariaIterativa,50000,55,0.000000027
buscaBinariaIterativa,50000,56,0.000000028
buscaBinariaIterativa,50000,57,0.000000028
buscaBinariaIterativa,50000,58,0.000000028
buscaBinariaIterativa,50000,59,0.000000027
buscaBinariaIterativa,50000,60,0.000000028
buscaBinariaIterativa,50000,61,0.000000028
buscaBinariaIterativa,50000,62,0.000000027
buscaBinariaIterativa,50000,63,0.000000027
buscaBinariaIterativa,50000,64,0.000000027
buscaBinariaIterativa,50000,65,0.000000027
buscaBinariaIterativa,50000,66,0.000000028
buscaBinariaIterativa,50000,67,0.000000028
buscaBinariaIterativa,50000,68,0.000000027
buscaBinariaIterativa,50000,69,0.000000027
buscaBinariaIterativa,50000,70,0.000000027
buscaBinariaIterativa,50000,71,0.000000029
buscaBinariaIterativa,50000,72,0.000000027
buscaBinariaIterativa,50000,73,0.000000027
buscaBinariaIterativa,50000,74,0.000000027
buscaBinariaIterativa,50000,75,0.000000028
buscaBinariaIterativa,50000,76,0.000000028
buscaBinariaIterativa,50000,77,0.000000028
buscaBinariaIterativa,50000,78,0.000000027
buscaBinariaIterativa,50000,79,0.000000028
buscaBinariaIterativa,50000,80,0.000000027
buscaBinariaIterativa,50000,81,0.000000028
buscaBinariaIterativa,50000,82,0.000000027
buscaBinariaIterativa,50000,83,0.000000028
buscaBinariaIterativa,50000,84,0.000000027
buscaBinariaIterativa,50000,85,0.000000029
buscaBinariaIterativa,50000,86,0.000000027
buscaBinariaIterativa,50000,87,0.000000026
buscaBinariaIterativa,50000,88,0.000000027
buscaBinariaIterativa,50000,89,0.000000028
buscaBinariaIterativa,50000,90,0.000000028
buscaBinariaIterativa,50000,91,0.000000027
buscaBinariaIterativa,50000,92,0.000000028
buscaBinariaIterativa,50000,93,0.000000029
buscaBinariaIterativa,50000,94,0.000000028
buscaBinariaIterativa,50000,95,0.000000027
buscaBinariaIterativa,50000,96,0.000000027
buscaBinariaIterativa,50000,97,0.000000027
buscaBinariaIterativa,50000,98,0.000000027
buscaBinariaIterativa,50000,99,0.000000027
buscaBinariaIterativa,50000,100,0.000000028
buscaBinariaRecursiva,50000,1,0.000000035
buscaBinariaRecursiva,50000,2,0.000000034
buscaBinariaRecursiva,50000,3,0.000000030
buscaBinariaRecursiva,50000,4,0.000000032
buscaBinariaRecursiva,50000,5,0.000000031
buscaBinariaRecursiva,50000,6,0.000000031
buscaBinariaRecursiva,50000,7,0.000000030
buscaBinariaRecursiva,50000,8,0.000000030
buscaBinariaRecursiva,50000,9,0.000000032
buscaBinariaRecursiva,50000,10,0.000000030
buscaBinariaRecursiva,50000,11,0.000000031
buscaBinariaRecursiva,50000,12,0.000000029
buscaBinariaRecursiva,50000,13,0.000000029
buscaBinariaRecursiva,50000,14,0.000000028
buscaBinariaRecursiva,50000,15,0.000000032
buscaBinariaRecursiva,50000,16,0.000000030
buscaBinariaRecursiva,50000,17,0.000000030
buscaBinariaRecursiva,50000,18,0.000000030
buscaBinariaRecursiva,50000,19,0.000000028
buscaBinariaRecursiva,50000,20,0.000000031
buscaBinariaRecursiva,50000,21,0.000000028
buscaBinariaRecursiva,50000,22,0.000000029
buscaBinariaRecursiva,50000,23,0.000000029
buscaBinariaRecursiva,50000,24,0.000000028
buscaBinariaRecursiva,50000,25,0.000000077
buscaBinariaRecursiva,50000,26,0.000000042
buscaBinariaRecursiva,50000,27,0.000000046
buscaBinariaRecursiva,50000,28,0.000000033
buscaBinariaRecursiva,50000,29,0.000000038
buscaBinariaRecursiva,50000,30,0.000000034
buscaBinariaRecursiva,50000,31,0.000000032
buscaBinariaRecursiva,50000,32,0.000000040
buscaBinariaRecursiva,50000,33,0.000000032
buscaBinariaRecursiva,50000,34,0.000000031
buscaBinariaRecursiva,50000,35,0.000000031
buscaBinariaRecursiva,50000,36,0.000000032
buscaBinariaRecursiva,50000,37,0.000000032
buscaBinariaRecursiva,50000,38,0.000000032
buscaBinariaRecursiva,50000,39,0.000000032
buscaBinariaRecursiva,50000,40,0.000000033
buscaBinariaRecursiva,50000,41,0.000000038
buscaBinariaRecursiva,50000,42,0.000000032
buscaBinariaRecursiva,50000,43,0.000000031
buscaBinariaRecursiva,50000,44,0.000000031
buscaBinariaRecursiva,50000,45,0.000000031
buscaBinariaRecursiva,50000,46,0.000000032
buscaBinariaRecursiva,50000,47,0.000000033
buscaBinariaRecursiva,50000,48,0.000000038
buscaBinariaRecursiva,50000,49,0.000000033
buscaBinariaRecursiva,50000,50,0.000000032
buscaBinariaRecursiva,50000,51,0.000000030
buscaBinariaRecursiva,50000,52,0.000000033
buscaBinariaRecursiva,50000,53,0.000000031
buscaBinariaRecursiva,50000,54,0.000000031
buscaBinariaRecursiva,50000,55,0.000000031
buscaBinariaRecursiva,50000,56,0.000000032
buscaBinariaRecursiva,50000,57,0.000000033
buscaBinariaRecursiva,50000,58,0.000000031
buscaBinariaRecursiva,50000,59,0.000000031
buscaBinariaRecursiva,50000,60,0.000000031
buscaBinariaRecursiva,50000,61,0.000000032
buscaBinariaRecursiva,50000,62,0.000000031
buscaBinariaRecursiva,50000,63,0.000000031
buscaBinariaRecursiva,50000,64,0.000000032
buscaBinariaRecursiva,50000,65,0.000000031
buscaBinariaRecursiva,50000,66,0.000000031
buscaBinariaRecursiva,50000,67,0.000000030
buscaBinariaRecursiva,50000,68,0.000000031
buscaBinariaRecursiva,50000,69,0.000000031
buscaBinariaRecursiva,50000,70,0.000000032
buscaBinariaRecursiva,50000,71,0.000000031
buscaBinariaRecursiva,50000,72,0.000000031
buscaBinariaRecursiva,50000,73,0.000000030
buscaBinariaRecursiva,50000,74,0.000000035
buscaBinariaRecursiva,50000,75,0.000000031
buscaBinariaRecursiva,50000,76,0.000000031
buscaBinariaRecursiva,50000,77,0.000000032
buscaBinariaRecursiva,50000,78,0.000000033
buscaBinariaRecursiva,50000,79,0.000000031
buscaBinariaRecursiva,50000,80,0.000000031
buscaBinariaRecursiva,50000,81,0.000000031
buscaBinariaRecursiva,50000,82,0.000000032
buscaBinariaRecursiva,50000,83,0.000000033
buscaBinariaRecursiva,50000,84,0.000000031
buscaBinariaRecursiva,50000,85,0.000000033
buscaBinariaRecursiva,50000,86,0.000000031
buscaBinariaRecursiva,50000,87,0.000000031
buscaBinariaRecursiva,50000,88,0.000000032
buscaBinariaRecursiva,50000,89,0.000000031
buscaBinariaRecursiva,50000,90,0.000000030
buscaBinariaRecursiva,50000,91,0.000000030
buscaBinariaRecursiva,50000,92,0.000000032
buscaBinariaRecursiva,50000,93,0.000000031
buscaBinariaRecursiva,50000,94,0.000000031
buscaBinariaRecursiva,50000,95,0.000000031
buscaBinariaRecursiva,50000,96,0.000000032
buscaBinariaRecursiva,50000,97,0.000000032
buscaBinariaRecursiva,50000,98,0.000000031
buscaBinariaRecursiva,50000,99,0.000000031
buscaBinariaRecursiva,50000,100,0.000000032
inverter,100000,1,0.000025257
inverter,100000,2,0.000022336
inverter,100000,3,0.000022334
inverter,100000,4,0.000022456
inverter,100000,5,0.000022308
inverter,100000,6,0.000023289
inverter,100000,7,0.000025315
inverter,100000,8,0.000025305
inverter,100000,9,0.000028636
inverter,100000,10,0.000025324
inverter,100000,11,0.000025321
inverter,100000,12,0.000025338
inverter,100000,13,0.000025323
inverter,100000,14,0.000025285
inverter,100000,15,0.000025297
inverter,100000,16,0.000025293
inverter,100000,17,0.000023534
inverter,100000,18,0.000022326
inverter,100000,19,0.000022302
inverter,100000,20,0.000022322
inverter,100000,21,0.000022324
inverter,100000,22,0.000022308
inverter,100000,23,0.000022296
inverter,100000,24,0.000022318
inverter,100000,25,0.000022405
inverter,100000,26,0.000022306
inverter,100000,27,0.000022306
inverter,100000,28,0.000022322
inverter,100000,29,0.000022313
inverter,100000,30,0.000022387
inverter,100000,31,0.000024925
inverter,100000,32,0.000025289
inverter,100000,33,0.000025294
inverter,100000,34,0.000025303
inverter,100000,35,0.000025284
inverter,100000,36,0.000025298
inverter,100000,37,0.000023993
inverter,100000,38,0.000022295
inverter,100000,39,0.000022310
inverter,100000,40,0.000022317
inverter,100000,41,0.000022347
inverter,100000,42,0.000022322
inverter,100000,43,0.000022292
inverter,100000,44,0.000022353
inverter,100000,45,0.000022296
inverter,100000,46,0.000022278
inverter,100000,47,0.000022403
inverter,100000,48,0.000022318
inverter,100000,49,0.000022295
inverter,100000,50,0.000022304
inverter,100000,51,0.000025041
inverter,100000,52,0.000022323
inverter,100000,53,0.000022362
inverter,100000,54,0.000022306
inverter,100000,55,0.000022340
inverter,100000,56,0.000022317
inverter,100000,57,0.000022308
inverter,100000,58,0.000022324
inverter,100000,59,0.000022319
inverter,100000,60,0.000022293
inverter,100000,61,0.000022310
inverter,100000,62,0.000022348
inverter,100000,63,0.000022310
inverter,100000,64,0.000022287
inverter,100000,65,0.000022308
inverter,100000,66,0.000022309
inverter,100000,67,0.000022310
inverter,100000,68,0.000022314
inverter,100000,69,0.000022341
inverter,100000,70,0.000022314
inverter,100000,71,0.000022277
inverter,100000,72,0.000022297
inverter,100000,73,0.000022387
inverter,100000,74,0.000022295
inverter,100000,75,0.000022321
inverter,100000,76,0.000022331
inverter,100000,77,0.000022311
inverter,100000,78,0.000022340
inverter,100000,79,0.000022309
inverter,100000,80,0.000022344
inverter,100000,81,0.000022400
inverter,100000,82,0.000022320
inverter,100000,83,0.000022316
inverter,100000,84,0.000022369
inverter,100000,85,0.000022364
inverter,100000,86,0.000022399
inverter,100000,87,0.000022333
inverter,100000,88,0.000022307
inverter,100000,89,0.000022292
inverter,100000,90,0.000022309
inverter,100000,91,0.000022320
inverter,100000,92,0.000022308
inverter,100000,93,0.000022307
inverter,100000,94,0.000022307
inverter,100000,95,0.000022320
inverter,100000,96,0.000025282
inverter,100000,97,0.000023042
inverter,100000,98,0.000023796
inverter,100000,99,0.000023830
inverter,100000,100,0.000023809
buscaSequencial,100000,1,0.000023720
buscaSequencial,100000,2,0.000023801
buscaSequencial,100000,3,0.000024012
buscaSequencial,100000,4,0.000023658
buscaSequencial,100000,5,0.000023654
buscaSequencial,100000,6,0.000023653
buscaSequencial,100000,7,0.000022007
buscaSequencial,100000,8,0.000020976
buscaSequencial,100000,9,0.000020941
buscaSequencial,100000,10,0.000020954
buscaSequencial,100000,11,0.000020925
buscaSequencial,100000,12,0.000020949
buscaSequencial,100000,13,0.000020948
buscaSequencial,100000,14,0.000020946
buscaSequencial,100000,15,0.000021041
buscaSequencial,100000,16,0.000021089
buscaSequencial,100000,17,0.000020951
buscaSequencial,100000,18,0.000020936
buscaSequencial,100000,19,0.000020972
buscaSequencial,100000,20,0.000020947
buscaSequencial,100000,21,0.000020933
buscaSequencial,100000,22,0.000020943
buscaSequencial,100000,23,0.000020944
buscaSequencial,100000,24,0.000021019
buscaSequencial,100000,25,0.000020954
buscaSequencial,100000,26,0.000020950
buscaSequencial,100000,27,0.000020936
buscaSequencial,100000,28,0.000021018
buscaSequencial,100000,29,0.000020937
buscaSequencial,100000,30,0.000024971
buscaSequencial,100000,31,0.000020928
buscaSequencial,100000,32,0.000020954
buscaSequencial,100000,33,0.000020952
buscaSequencial,100000,34,0.000020938
buscaSequencial,100000,35,0.000020988
buscaSequencial,100000,36,0.000021012
buscaSequencial,100000,37,0.000020933
buscaSequencial,100000,38,0.000020958
buscaSequencial,100000,39,0.000021829
buscaSequencial,100000,40,0.000022335
buscaSequencial,100000,41,0.000022347
buscaSequencial,100000,42,0.000022469
buscaSequencial,100000,43,0.000022326
buscaSequencial,100000,44,0.000022347
buscaSequencial,100000,45,0.000022378
buscaSequencial,100000,46,0.000022339
buscaSequencial,100000,47,0.000022450
buscaSequencial,100000,48,0.000021680
buscaSequencial,100000,49,0.000020939
buscaSequencial,100000,50,0.000020941
buscaSequencial,100000,51,0.000020945
buscaSequencial,100000,52,0.000020952
buscaSequencial,100000,53,0.000020938
buscaSequencial,100000,54,0.000020953
buscaSequencial,100000,55,0.000021046
buscaSequencial,100000,56,0.000021003
buscaSequencial,100000,57,0.000020955
buscaSequencial,100000,58,0.000020953
buscaSequencial,100000,59,0.000021019
buscaSequencial,100000,60,0.000020938
buscaSequencial,100000,61,0.000021063
buscaSequencial,100000,62,0.000021058
buscaSequencial,100000,63,0.000020935
buscaSequencial,100000,64,0.000021162
buscaSequencial,100000,65,0.000020949
buscaSequencial,100000,66,0.000020939
buscaSequencial,100000,67,0.000020967
buscaSequencial,100000,68,0.000020922
buscaSequencial,100000,69,0.000021053
buscaSequencial,100000,70,0.000020954
buscaSequencial,100000,71,0.000021062
buscaSequencial,100000,72,0.000020920
buscaSequencial,100000,73,0.000020954
buscaSequencial,100000,74,0.000021038
buscaSequencial,100000,75,0.000021031
buscaSequencial,100000,76,0.000020970
buscaSequencial,100000,77,0.000024812
buscaSequencial,100000,78,0.000021314
buscaSequencial,100000,79,0.000022339
buscaSequencial,100000,80,0.000022353
buscaSequencial,100000,81,0.000022350
buscaSequencial,100000,82,0.000022336
buscaSequencial,100000,83,0.000022346
buscaSequencial,100000,84,0.000022442
buscaSequencial,100000,85,0.000022423
buscaSequencial,100000,86,0.000022423
buscaSequencial,100000,87,0.000022369
buscaSequencial,100000,88,0.000022450
buscaSequencial,100000,89,0.000022319
buscaSequencial,100000,90,0.000021614
buscaSequencial,100000,91,0.000021040
buscaSequencial,100000,92,0.000020926
buscaSequencial,100000,93,0.000020949
buscaSequencial,100000,94,0.000020957
buscaSequencial,100000,95,0.000020925
buscaSequencial,100000,96,0.000021039
buscaSequencial,100000,97,0.000020971
buscaSequencial,100000,98,0.000020931
buscaSequencial,100000,99,0.000021041
buscaSequencial,100000,100,0.000020961
buscaBinariaIterativa,100000,1,0.000000051
buscaBinariaIterativa,100000,2,0.000000041
buscaBinariaIterativa,100000,3,0.000000028
buscaBinariaIterativa,100000,4,0.000000029
buscaBinariaIterativa,100000,5,0.000000037
buscaBinariaIterativa,100000,6,0.000000029
buscaBinariaIterativa,100000,7,0.000000028
buscaBinariaIterativa,100000,8,0.000000036
buscaBinariaIterativa,100000,9,0.000000027
buscaBinariaIterativa,100000,10,0.000000027
buscaBinariaIterativa,100000,11,0.000000029
buscaBinariaIterativa,100000,12,0.000000029
buscaBinariaIterativa,100000,13,0.000000029
buscaBinariaIterativa,100000,14,0.000000030
buscaBinariaIterativa,100000,15,0.000000035
buscaBinariaIterativa,100000,16,0.000000030
buscaBinariaIterativa,100000,17,0.000000028
buscaBinariaIterativa,100000,18,0.000000028
buscaBinariaIterativa,100000,19,0.000000028
buscaBinariaIterativa,100000,20,0.000000029
buscaBinariaIterativa,100000,21,0.000000028
buscaBinariaIterativa,100000,22,0.000000029
buscaBinariaIterativa,100000,23,0.000000030
buscaBinariaIterativa,100000,24,0.000000030
buscaBinariaIterativa,100000,25,0.000000029
buscaBinariaIterativa,100000,26,0.000000030
buscaBinariaIterativa,100000,27,0.000000029
buscaBinariaIterativa,100000,28,0.000000028
buscaBinariaIterativa,100000,29,0.000000028
buscaBinariaIterativa,100000,30,0.000000030
buscaBinariaIterativa,100000,31,0.000000038
buscaBinariaIterativa,100000,32,0.000000029
buscaBinariaIterativa,100000,33,0.000000028
buscaBinariaIterativa,100000,34,0.000000029
buscaBinariaIterativa,100000,35,0.000000029
buscaBinariaIterativa,100000,36,0.000000029
buscaBinariaIterativa,100000,37,0.000000028
buscaBinariaIterativa,100000,38,0.000000029
buscaBinariaIterativa,100000,39,0.000000030
buscaBinariaIterativa,100000,40,0.000000031
buscaBinariaIterativa,100000,41,0.000000029
buscaBinariaIterativa,100000,42,0.000000029
buscaBinariaIterativa,100000,43,0.000000030
buscaBinariaIterativa,100000,44,0.000000030
buscaBinariaIterativa,100000,45,0.000000029
buscaBinariaIterativa,100000,46,0.000000028
buscaBinariaIterativa,100000,47,0.000000029
buscaBinariaIterativa,100000,48,0.000000029
buscaBinariaIterativa,100000,49,0.000000028
buscaBinariaIterativa,100000,50,0.000000029
buscaBinariaIterativa,100000,51,0.000000029
buscaBinariaIterativa,100000,52,0.000000029
buscaBinariaIterativa,100000,53,0.000000029
buscaBinariaIterativa,100000,54,0.000000029
buscaBinariaIterativa,100000,55,0.000000030
buscaBinariaIterativa,100000,56,0.000000029
buscaBinariaIterativa,100000,57,0.000000028
buscaBinariaIterativa,100000,58,0.000000027
buscaBinariaIterativa,100000,59,0.000000029
buscaBinariaIterativa,100000,60,0.000000028
buscaBinariaIterativa,100000,61,0.000000028
buscaBinariaIterativa,100000,62,0.000000028
buscaBinariaIterativa,100000,63,0.000000028
buscaBinariaIterativa,100000,64,0.000000029
buscaBinariaIterativa,100000,65,0.000000029
buscaBinariaIterativa,100000,66,0.000000028
buscaBinariaIterativa,100000,67,0.000000029
buscaBinariaIterativa,100000,68,0.000000029
buscaBinariaIterativa,100000,69,0.000000028
buscaBinariaIterativa,100000,70,0.000000030
buscaBinariaIterativa,100000,71,0.000000029
buscaBinariaIterativa,100000,72,0.000000028
buscaBinariaIterativa,100000,73,0.000000030
buscaBinariaIterativa,100000,74,0.000000028
buscaBinariaIterativa,100000,75,0.000000029
buscaBinariaIterativa,100000,76,0.000000028
buscaBinariaIterativa,100000,77,0.000000028
buscaBinariaIterativa,100000,78,0.000000029
buscaBinariaIterativa,100000,79,0.000000029
buscaBinariaIterativa,100000,80,0.000000029
buscaBinariaIterativa,100000,81,0.000000029
buscaBinariaIterativa,100000,82,0.000000029
buscaBinariaIterativa,100000,83,0.000000029
buscaBinariaIterativa,100000,84,0.000000030
buscaBinariaIterativa,100000,85,0.000000030
buscaBinariaIterativa,100000,86,0.000000029
buscaBinariaIterativa,100000,87,0.000000027
buscaBinariaIterativa,100000,88,0.000000029
buscaBinariaIterativa,100000,89,0.000000027
buscaBinariaIterativa,100000,90,0.000000028
buscaBinariaIterativa,100000,91,0.000000030
buscaBinariaIterativa,100000,92,0.000000030
buscaBinariaIterativa,100000,93,0.000000030
buscaBinariaIterativa,100000,94,0.000000029
buscaBinariaIterativa,100000,95,0.000000028
buscaBinariaIterativa,100000,96,0.000000030
buscaBinariaIterativa,100000,97,0.000000028
buscaBinariaIterativa,100000,98,0.000000029
buscaBinariaIterativa,100000,99,0.000000029
buscaBinariaIterativa,100000,100,0.000000029
buscaBinariaRecursiva,100000,1,0.000000037
buscaBinariaRecursiva,100000,2,0.000000036
buscaBinariaRecursiva,100000,3,0.000000038
buscaBinariaRecursiva,100000,4,0.000000031
buscaBinariaRecursiva,100000,5,0.000000032
buscaBinariaRecursiva,100000,6,0.000000037
buscaBinariaRecursiva,100000,7,0.000000030
buscaBinariaRecursiva,100000,8,0.000000032
buscaBinariaRecursiva,100000,9,0.000000030
buscaBinariaRecursiva,100000,10,0.000000032
buscaBinariaRecursiva,100000,11,0.000000032
buscaBinariaRecursiva,100000,12,0.000000028
buscaBinariaRecursiva,100000,13,0.000000031
buscaBinariaRecursiva,100000,14,0.000000029
buscaBinariaRecursiva,100000,15,0.000000028
buscaBinariaRecursiva,100000,16,0.000000030
buscaBinariaRecursiva,100000,17,0.000000054
buscaBinariaRecursiva,100000,18,0.000000054
buscaBinariaRecursiva,100000,19,0.000000033
buscaBinariaRecursiva,100000,20,0.000000047
buscaBinariaRecursiva,100000,21,0.000000033
buscaBinariaRecursiva,100000,22,0.000000033
buscaBinariaRecursiva,100000,23,0.000000035
buscaBinariaRecursiva,100000,24,0.000000042
buscaBinariaRecursiva,100000,25,0.000000033
buscaBinariaRecursiva,100000,26,0.000000032
buscaBinariaRecursiva,100000,27,0.000000032
buscaBinariaRecursiva,100000,28,0.000000032
buscaBinariaRecursiva,100000,29,0.000000033
buscaBinariaRecursiva,100000,30,0.000000033
buscaBinariaRecursiva,100000,31,0.000000033
buscaBinariaRecursiva,100000,32,0.000000032
buscaBinariaRecursiva,100000,33,0.000000033
buscaBinariaRecursiva,100000,34,0.000000032
buscaBinariaRecursiva,100000,35,0.000000032
buscaBinariaRecursiva,100000,36,0.000000034
buscaBinariaRecursiva,100000,37,0.000000033
buscaBinariaRecursiva,100000,38,0.000000032
buscaBinariaRecursiva,100000,39,0.000000032
buscaBinariaRecursiva,100000,40,0.000000045
buscaBinariaRecursiva,100000,41,0.000000033
buscaBinariaRecursiva,100000,42,0.000000034
buscaBinariaRecursiva,100000,43,0.000000033
buscaBinariaRecursiva,100000,44,0.000000034
buscaBinariaRecursiva,100000,45,0.000000034
buscaBinariaRecursiva,100000,46,0.000000034
buscaBinariaRecursiva,100000,47,0.000000033
buscaBinariaRecursiva,100000,48,0.000000031
buscaBinariaRecursiva,100000,49,0.000000034
buscaBinariaRecursiva,100000,50,0.000000033
buscaBinariaRecursiva,100000,51,0.000000032
buscaBinariaRecursiva,100000,52,0.000000033
buscaBinariaRecursiva,100000,53,0.000000033
buscaBinariaRecursiva,100000,54,0.000000031
buscaBinariaRecursiva,100000,55,0.000000033
buscaBinariaRecursiva,100000,56,0.000000032
buscaBinariaRecursiva,100000,57,0.000000033
buscaBinariaRecursiva,100000,58,0.000000033
buscaBinariaRecursiva,100000,59,0.000000037
buscaBinariaRecursiva,100000,60,0.000000032
buscaBinariaRecursiva,100000,61,0.000000032
buscaBinariaRecursiva,100000,62,0.000000034
buscaBinariaRecursiva,100000,63,0.000000035
buscaBinariaRecursiva,100000,64,0.000000033
buscaBinariaRecursiva,100000,65,0.000000032
buscaBinariaRecursiva,100000,66,0.000000032
buscaBinariaRecursiva,100000,67,0.000000033
buscaBinariaRecursiva,100000,68,0.000000033
buscaBinariaRecursiva,100000,69,0.000000034
buscaBinariaRecursiva,100000,70,0.000000032
buscaBinariaRecursiva,100000,71,0.000000033
buscaBinariaRecursiva,100000,72,0.000000033
buscaBinariaRecursiva,100000,73,0.000000032
buscaBinariaRecursiva,100000,74,0.000000033
buscaBinariaRecursiva,100000,75,0.000000033
buscaBinariaRecursiva,100000,76,0.000000033
buscaBinariaRecursiva,100000,77,0.000000032
buscaBinariaRecursiva,100000,78,0.000000044
buscaBinariaRecursiva,100000,79,0.000000036
buscaBinariaRecursiva,100000,80,0.000000033
buscaBinariaRecursiva,100000,81,0.000000034
buscaBinariaRecursiva,100000,82,0.000000034
buscaBinariaRecursiva,100000,83,0.000000033
buscaBinariaRecursiva,100000,84,0.000000033
buscaBinariaRecursiva,100000,85,0.000000033
buscaBinariaRecursiva,100000,86,0.000000032
buscaBinariaRecursiva,100000,87,0.000000033
buscaBinariaRecursiva,100000,88,0.000000033
buscaBinariaRecursiva,100000,89,0.000000033
buscaBinariaRecursiva,100000,90,0.000000032
buscaBinariaRecursiva,100000,91,0.000000033
buscaBinariaRecursiva,100000,92,0.000000034
buscaBinariaRecursiva,100000,93,0.000000036
buscaBinariaRecursiva,100000,94,0.000000033
buscaBinariaRecursiva,100000,95,0.000000032
buscaBinariaRecursiva,100000,96,0.000000034
buscaBinariaRecursiva,100000,97,0.000000032
buscaBinariaRecursiva,100000,98,0.000000033
buscaBinariaRecursiva,100000,99,0.000000032
buscaBinariaRecursiva,100000,100,0.000000034
inverter,500000,1,0.000112782
inverter,500000,2,0.000112770
inverter,500000,3,0.000112745
inverter,500000,4,0.000112657
inverter,500000,5,0.000116779
inverter,500000,6,0.000113355
inverter,500000,7,0.000112711
inverter,500000,8,0.000112703
inverter,500000,9,0.000112664
inverter,500000,10,0.000112657
inverter,500000,11,0.000112674
inverter,500000,12,0.000112634
inverter,500000,13,0.000114394
inverter,500000,14,0.000112816
inverter,500000,15,0.000112670
inverter,500000,16,0.000112715
inverter,500000,17,0.000112686
inverter,500000,18,0.000112645
inverter,500000,19,0.000112700
inverter,500000,20,0.000112641
inverter,500000,21,0.000112704
inverter,500000,22,0.000115149
inverter,500000,23,0.000114131
inverter,500000,24,0.000112694
inverter,500000,25,0.000112724
inverter,500000,26,0.000112622
inverter,500000,27,0.000112700
inverter,500000,28,0.000112695
inverter,500000,29,0.000112697
inverter,500000,30,0.000112709
inverter,500000,31,0.000115325
inverter,500000,32,0.000112701
inverter,500000,33,0.000112686
inverter,500000,34,0.000112705
inverter,500000,35,0.000112719
inverter,500000,36,0.000112682
inverter,500000,37,0.000112661
inverter,500000,38,0.000112707
inverter,500000,39,0.000112535
inverter,500000,40,0.000119171
inverter,500000,41,0.000120730
inverter,500000,42,0.000112650
inverter,500000,43,0.000112704
inverter,500000,44,0.000112693
inverter,500000,45,0.000112658
inverter,500000,46,0.000112665
inverter,500000,47,0.000112664
inverter,500000,48,0.000112560
inverter,500000,49,0.000114770
inverter,500000,50,0.000112484
inverter,500000,51,0.000112456
inverter,500000,52,0.000112707
inverter,500000,53,0.000112659
inverter,500000,54,0.000112716
inverter,500000,55,0.000112658
inverter,500000,56,0.000112671
inverter,500000,57,0.000112695
inverter,500000,58,0.000116527
inverter,500000,59,0.000114669
inverter,500000,60,0.000114674
inverter,500000,61,0.000112729
inverter,500000,62,0.000112689
inverter,500000,63,0.000112730
inverter,500000,64,0.000112663
inverter,500000,65,0.000112693
inverter,500000,66,0.000114223
inverter,500000,67,0.000112707
inverter,500000,68,0.000112471
inverter,500000,69,0.000112648
inverter,500000,70,0.000112693
inverter,500000,71,0.000112701
inverter,500000,72,0.000112719
inverter,500000,73,0.000112669
inverter,500000,74,0.000112703
inverter,500000,75,0.000114610
inverter,500000,76,0.000112755
inverter,500000,77,0.000112683
inverter,500000,78,0.000112662
inverter,500000,79,0.000112787
inverter,500000,80,0.000112656
inverter,500000,81,0.000112674
inverter,500000,82,0.000112620
inverter,500000,83,0.000112675
inverter,500000,84,0.000114506
inverter,500000,85,0.000112679
inverter,500000,86,0.000112690
inverter,500000,87,0.000112751
inverter,500000,88,0.000112711
inverter,500000,89,0.000112694
inverter,500000,90,0.000112687
inverter,500000,91,0.000112683
inverter,500000,92,0.000112696
inverter,500000,93,0.000114162
inverter,500000,94,0.000112692
inverter,500000,95,0.000112641
inverter,500000,96,0.000112714
inverter,500000,97,0.000112713
inverter,500000,98,0.000112700
inverter,500000,99,0.000112714
inverter,500000,100,0.000112688
buscaSequencial,500000,1,0.000105051
buscaSequencial,500000,2,0.000104876
buscaSequencial,500000,3,0.000106326
buscaSequencial,500000,4,0.000104785
buscaSequencial,500000,5,0.000104870
buscaSequencial,500000,6,0.000104887
buscaSequencial,500000,7,0.000106269
buscaSequencial,500000,8,0.000104901
buscaSequencial,500000,9,0.000105494
buscaSequencial,500000,10,0.000109499
buscaSequencial,500000,11,0.000109522
buscaSequencial,500000,12,0.000104774
buscaSequencial,500000,13,0.000104906
buscaSequencial,500000,14,0.000104996
buscaSequencial,500000,15,0.000104870
buscaSequencial,500000,16,0.000104792
buscaSequencial,500000,17,0.000104866
buscaSequencial,500000,18,0.000104915
buscaSequencial,500000,19,0.000107725
buscaSequencial,500000,20,0.000107662
buscaSequencial,500000,21,0.000104925
buscaSequencial,500000,22,0.000105096
buscaSequencial,500000,23,0.000105167
buscaSequencial,500000,24,0.000104911
buscaSequencial,500000,25,0.000104850
buscaSequencial,500000,26,0.000104927
buscaSequencial,500000,27,0.000104833
buscaSequencial,500000,28,0.000107924
buscaSequencial,500000,29,0.000105012
buscaSequencial,500000,30,0.000108389
buscaSequencial,500000,31,0.000104876
buscaSequencial,500000,32,0.000104859
buscaSequencial,500000,33,0.000105185
buscaSequencial,500000,34,0.000104869
buscaSequencial,500000,35,0.000104853
buscaSequencial,500000,36,0.000105039
buscaSequencial,500000,37,0.000104884
buscaSequencial,500000,38,0.000110852
buscaSequencial,500000,39,0.000112481
buscaSequencial,500000,40,0.000111865
buscaSequencial,500000,41,0.000112396
buscaSequencial,500000,42,0.000105037
buscaSequencial,500000,43,0.000104884
buscaSequencial,500000,44,0.000104850
buscaSequencial,500000,45,0.000105186
buscaSequencial,500000,46,0.000104847
buscaSequencial,500000,47,0.000107918
buscaSequencial,500000,48,0.000104875
buscaSequencial,500000,49,0.000104847
buscaSequencial,500000,50,0.000104898
buscaSequencial,500000,51,0.000108477
buscaSequencial,500000,52,0.000112701
buscaSequencial,500000,53,0.000111999
buscaSequencial,500000,54,0.000115421
buscaSequencial,500000,55,0.000113148
buscaSequencial,500000,56,0.000120965
buscaSequencial,500000,57,0.000108061
buscaSequencial,500000,58,0.000104840
buscaSequencial,500000,59,0.000104910
buscaSequencial,500000,60,0.000106047
buscaSequencial,500000,61,0.000105590
buscaSequencial,500000,62,0.000104799
buscaSequencial,500000,63,0.000104932
buscaSequencial,500000,64,0.000104889
buscaSequencial,500000,65,0.000109395
buscaSequencial,500000,66,0.000110344
buscaSequencial,500000,67,0.000104966
buscaSequencial,500000,68,0.000104885
buscaSequencial,500000,69,0.000104861
buscaSequencial,500000,70,0.000104856
buscaSequencial,500000,71,0.000105882
buscaSequencial,500000,72,0.000105800
buscaSequencial,500000,73,0.000104913
buscaSequencial,500000,74,0.000105269
buscaSequencial,500000,75,0.000108423
buscaSequencial,500000,76,0.000104832
buscaSequencial,500000,77,0.000104962
buscaSequencial,500000,78,0.000105109
buscaSequencial,500000,79,0.000104945
buscaSequencial,500000,80,0.000104870
buscaSequencial,500000,81,0.000104856
buscaSequencial,500000,82,0.000105589
buscaSequencial,500000,83,0.000104857
buscaSequencial,500000,84,0.000108931
buscaSequencial,500000,85,0.000104977
buscaSequencial,500000,86,0.000104884
buscaSequencial,500000,87,0.000104914
buscaSequencial,500000,88,0.000104900
buscaSequencial,500000,89,0.000104863
buscaSequencial,500000,90,0.000104871
buscaSequencial,500000,91,0.000104833
buscaSequencial,500000,92,0.000105318
buscaSequencial,500000,93,0.000104913
buscaSequencial,500000,94,0.000107632
buscaSequencial,500000,95,0.000104970
buscaSequencial,500000,96,0.000104760
buscaSequencial,500000,97,0.000104835
buscaSequencial,500000,98,0.000105643
buscaSequencial,500000,99,0.000105438
buscaSequencial,500000,100,0.000105320
buscaBinariaIterativa,500000,1,0.000000037
buscaBinariaIterativa,500000,2,0.000000044
buscaBinariaIterativa,500000,3,0.000000043
buscaBinariaIterativa,500000,4,0.000000037
buscaBinariaIterativa,500000,5,0.000000032
buscaBinariaIterativa,500000,6,0.000000032
buscaBinariaIterativa,500000,7,0.000000031
buscaBinariaIterativa,500000,8,0.000000036
buscaBinariaIterativa,500000,9,0.000000031
buscaBinariaIterativa,500000,10,0.000000034
buscaBinariaIterativa,500000,11,0.000000037
buscaBinariaIterativa,500000,12,0.000000032
buscaBinariaIterativa,500000,13,0.000000030
buscaBinariaIterativa,500000,14,0.000000034
buscaBinariaIterativa,500000,15,0.000000031
buscaBinariaIterativa,500000,16,0.000000031
buscaBinariaIterativa,500000,17,0.000000030
buscaBinariaIterativa,500000,18,0.000000035
buscaBinariaIterativa,500000,19,0.000000030
buscaBinariaIterativa,500000,20,0.000000031
buscaBinariaIterativa,500000,21,0.000000030
buscaBinariaIterativa,500000,22,0.000000031
buscaBinariaIterativa,500000,23,0.000000032
buscaBinariaIterativa,500000,24,0.000000031
buscaBinariaIterativa,500000,25,0.000000030
buscaBinariaIterativa,500000,26,0.000000031
buscaBinariaIterativa,500000,27,0.000000031
buscaBinariaIterativa,500000,28,0.000000030
buscaBinariaIterativa,500000,29,0.000000031
buscaBinariaIterativa,500000,30,0.000000032
buscaBinariaIterativa,500000,31,0.000000056
buscaBinariaIterativa,500000,32,0.000000034
buscaBinariaIterativa,500000,33,0.000000030
buscaBinariaIterativa,500000,34,0.000000030
buscaBinariaIterativa,500000,35,0.000000031
buscaBinariaIterativa,500000,36,0.000000032
buscaBinariaIterativa,500000,37,0.000000030
buscaBinariaIterativa,500000,38,0.000000031
buscaBinariaIterativa,500000,39,0.000000031
buscaBinariaIterativa,500000,40,0.000000031
buscaBinariaIterativa,500000,41,0.000000032
buscaBinariaIterativa,500000,42,0.000000032
buscaBinariaIterativa,500000,43,0.000000031
buscaBinariaIterativa,500000,44,0.000000030
buscaBinariaIterativa,500000,45,0.000000032
buscaBinariaIterativa,500000,46,0.000000030
buscaBinariaIterativa,500000,47,0.000000031
buscaBinariaIterativa,500000,48,0.000000030
buscaBinariaIterativa,500000,49,0.000000032
buscaBinariaIterativa,500000,50,0.000000030
buscaBinariaIterativa,500000,51,0.000000032
buscaBinariaIterativa,500000,52,0.000000032
buscaBinariaIterativa,500000,53,0.000000031
buscaBinariaIterativa,500000,54,0.000000029
buscaBinariaIterativa,500000,55,0.000000032
buscaBinariaIterativa,500000,56,0.000000031
buscaBinariaIterativa,500000,57,0.000000032
buscaBinariaIterativa,500000,58,0.000000030
buscaBinariaIterativa,500000,59,0.000000030
buscaBinariaIterativa,500000,60,0.000000029
buscaBinariaIterativa,500000,61,0.000000031
buscaBinariaIterativa,500000,62,0.000000031
buscaBinariaIterativa,500000,63,0.000000031
buscaBinariaIterativa,500000,64,0.000000030
buscaBinariaIterativa,500000,65,0.000000031
buscaBinariaIterativa,500000,66,0.000000031
buscaBinariaIterativa,500000,67,0.000000031
buscaBinariaIterativa,500000,68,0.000000032
buscaBinariaIterativa,500000,69,0.000000031
buscaBinariaIterativa,500000,70,0.000000030
buscaBinariaIterativa,500000,71,0.000000030
buscaBinariaIterativa,500000,72,0.000000030
buscaBinariaIterativa,500000,73,0.000000031
buscaBinariaIterativa,500000,74,0.000000029
buscaBinariaIterativa,500000,75,0.000000031
buscaBinariaIterativa,500000,76,0.000000031
buscaBinariaIterativa,500000,77,0.000000031
buscaBinariaIterativa,500000,78,0.000000030
buscaBinariaIterativa,500000,79,0.000000030
buscaBinariaIterativa,500000,80,0.000000032
buscaBinariaIterativa,500000,81,0.000000031
buscaBinariaIterativa,500000,82,0.000000031
buscaBinariaIterativa,500000,83,0.000000032
buscaBinariaIterativa,500000,84,0.000000032
buscaBinariaIterativa,500000,85,0.000000029
buscaBinariaIterativa,500000,86,0.000000031
buscaBinariaIterativa,500000,87,0.000000030
buscaBinariaIterativa,500000,88,0.000000030
buscaBinariaIterativa,500000,89,0.000000031
buscaBinariaIterativa,500000,90,0.000000031
buscaBinariaIterativa,500000,91,0.000000031
buscaBinariaIterativa,500000,92,0.000000031
buscaBinariaIterativa,500000,93,0.000000031
buscaBinariaIterativa,500000,94,0.000000032
buscaBinariaIterativa,500000,95,0.000000031
buscaBinariaIterativa,500000,96,0.000000030
buscaBinariaIterativa,500000,97,0.000000031
buscaBinariaIterativa,500000,98,0.000000031
buscaBinariaIterativa,500000,99,0.000000030
buscaBinariaIterativa,500000,100,0.000000031
buscaBinariaRecursiva,500000,1,0.000000052
buscaBinariaRecursiva,500000,2,0.000000055
buscaBinariaRecursiva,500000,3,0.000000041
buscaBinariaRecursiva,500000,4,0.000000041
buscaBinariaRecursiva,500000,5,0.000000041
buscaBinariaRecursiva,500000,6,0.000000041
buscaBinariaRecursiva,500000,7,0.000000039
buscaBinariaRecursiva,500000,8,0.000000040
buscaBinariaRecursiva,500000,9,0.000000041
buscaBinariaRecursiva,500000,10,0.000000037
buscaBinariaRecursiva,500000,11,0.000000040
buscaBinariaRecursiva,500000,12,0.000000039
buscaBinariaRecursiva,500000,13,0.000000038
buscaBinariaRecursiva,500000,14,0.000000040
buscaBinariaRecursiva,500000,15,0.000000041
buscaBinariaRecursiva,500000,16,0.000000038
buscaBinariaRecursiva,500000,17,0.000000040
buscaBinariaRecursiva,500000,18,0.000000040
buscaBinariaRecursiva,500000,19,0.000000041
buscaBinariaRecursiva,500000,20,0.000008274
buscaBinariaRecursiva,500000,21,0.000000057
buscaBinariaRecursiva,500000,22,0.000000040
buscaBinariaRecursiva,500000,23,0.000000045
buscaBinariaRecursiva,500000,24,0.000000040
buscaBinariaRecursiva,500000,25,0.000000046
buscaBinariaRecursiva,500000,26,0.000000046
buscaBinariaRecursiva,500000,27,0.000000045
buscaBinariaRecursiva,500000,28,0.000000040
buscaBinariaRecursiva,500000,29,0.000000044
buscaBinariaRecursiva,500000,30,0.000000040
buscaBinariaRecursiva,500000,31,0.000000042
buscaBinariaRecursiva,500000,32,0.000000041
buscaBinariaRecursiva,500000,33,0.000000069
buscaBinariaRecursiva,500000,34,0.000000041
buscaBinariaRecursiva,500000,35,0.000000042
buscaBinariaRecursiva,500000,36,0.000000041
buscaBinariaRecursiva,500000,37,0.000000043
buscaBinariaRecursiva,500000,38,0.000000042
buscaBinariaRecursiva,500000,39,0.000000041
buscaBinariaRecursiva,500000,40,0.000000042
buscaBinariaRecursiva,500000,41,0.000000042
buscaBinariaRecursiva,500000,42,0.000000042
buscaBinariaRecursiva,500000,43,0.000000041
buscaBinariaRecursiva,500000,44,0.000000040
buscaBinariaRecursiva,500000,45,0.000000040
buscaBinariaRecursiva,500000,46,0.000000040
buscaBinariaRecursiva,500000,47,0.000000040
buscaBinariaRecursiva,500000,48,0.000000041
buscaBinariaRecursiva,500000,49,0.000000041
buscaBinariaRecursiva,500000,50,0.000000040
buscaBinariaRecursiva,500000,51,0.000000042
buscaBinariaRecursiva,500000,52,0.000000039
buscaBinariaRecursiva,500000,53,0.000000040
buscaBinariaRecursiva,500000,54,0.000000040
buscaBinariaRecursiva,500000,55,0.000000042
buscaBinariaRecursiva,500000,56,0.000000039
buscaBinariaRecursiva,500000,57,0.000000042
buscaBinariaRecursiva,500000,58,0.000000042
buscaBinariaRecursiva,500000,59,0.000000042
buscaBinariaRecursiva,500000,60,0.000000042
buscaBinariaRecursiva,500000,61,0.000000041
buscaBinariaRecursiva,500000,62,0.000000040
buscaBinariaRecursiva,500000,63,0.000000041
buscaBinariaRecursiva,500000,64,0.000000038
buscaBinariaRecursiva,500000,65,0.000000041
buscaBinariaRecursiva,500000,66,0.000000042
buscaBinariaRecursiva,500000,67,0.000000042
buscaBinariaRecursiva,500000,68,0.000000041
buscaBinariaRecursiva,500000,69,0.000000040
buscaBinariaRecursiva,500000,70,0.000000040
buscaBinariaRecursiva,500000,71,0.000000042
buscaBinariaRecursiva,500000,72,0.000000040
buscaBinariaRecursiva,500000,73,0.000000042
buscaBinariaRecursiva,500000,74,0.000000042
buscaBinariaRecursiva,500000,75,0.000000042
buscaBinariaRecursiva,500000,76,0.000000041
buscaBinariaRecursiva,500000,77,0.000000041
buscaBinariaRecursiva,500000,78,0.000000041
buscaBinariaRecursiva,500000,79,0.000000040
buscaBinariaRecursiva,500000,80,0.000000041
buscaBinariaRecursiva,500000,81,0.000000041
buscaBinariaRecursiva,500000,82,0.000000042
buscaBinariaRecursiva,500000,83,0.000000041
buscaBinariaRecursiva,500000,84,0.000000041
buscaBinariaRecursiva,500000,85,0.000000041
buscaBinariaRecursiva,500000,86,0.000000039
buscaBinariaRecursiva,500000,87,0.000000041
buscaBinariaRecursiva,500000,88,0.000000039
buscaBinariaRecursiva,500000,89,0.000000042
buscaBinariaRecursiva,500000,90,0.000000041
buscaBinariaRecursiva,500000,91,0.000000040
buscaBinariaRecursiva,500000,92,0.000000041
buscaBinariaRecursiva,500000,93,0.000000042
buscaBinariaRecursiva,500000,94,0.000000040
buscaBinariaRecursiva,500000,95,0.000000042
buscaBinariaRecursiva,500000,96,0.000000041
buscaBinariaRecursiva,500000,97,0.000000044
buscaBinariaRecursiva,500000,98,0.000000041
buscaBinariaRecursiva,500000,99,0.000000041
buscaBinariaRecursiva,500000,100,0.000000040
inverter,1000000,1,0.000235056
inverter,1000000,2,0.000235222
inverter,1000000,3,0.000250770
inverter,1000000,4,0.000239983
inverter,1000000,5,0.000235052
inverter,1000000,6,0.000235028
inverter,1000000,7,0.000235114
inverter,1000000,8,0.000235065
inverter,1000000,9,0.000237307
inverter,1000000,10,0.000235097
inverter,1000000,11,0.000235092
inverter,1000000,12,0.000235084
inverter,1000000,13,0.000236909
inverter,1000000,14,0.000235114
inverter,1000000,15,0.000235127
inverter,1000000,16,0.000247248
inverter,1000000,17,0.000246797
inverter,1000000,18,0.000235184
inverter,1000000,19,0.000235215
inverter,1000000,20,0.000235198
inverter,1000000,21,0.000237967
inverter,1000000,22,0.000235097
inverter,1000000,23,0.000235148
inverter,1000000,24,0.000235288
inverter,1000000,25,0.000235147
inverter,1000000,26,0.000237208
inverter,1000000,27,0.000235153
inverter,1000000,28,0.000235081
inverter,1000000,29,0.000235096
inverter,1000000,30,0.000237446
inverter,1000000,31,0.000235827
inverter,1000000,32,0.000235054
inverter,1000000,33,0.000235080
inverter,1000000,34,0.000237237
inverter,1000000,35,0.000235068
inverter,1000000,36,0.000235043
inverter,1000000,37,0.000235095
inverter,1000000,38,0.000237577
inverter,1000000,39,0.000235009
inverter,1000000,40,0.000235002
inverter,1000000,41,0.000234964
inverter,1000000,42,0.000235000
inverter,1000000,43,0.000236862
inverter,1000000,44,0.000235013
inverter,1000000,45,0.000235079
inverter,1000000,46,0.000234997
inverter,1000000,47,0.000259864
inverter,1000000,48,0.000247166
inverter,1000000,49,0.000235010
inverter,1000000,50,0.000235040
inverter,1000000,51,0.000237596
inverter,1000000,52,0.000235097
inverter,1000000,53,0.000234873
inverter,1000000,54,0.000234998
inverter,1000000,55,0.000238597
inverter,1000000,56,0.000235002
inverter,1000000,57,0.000235047
inverter,1000000,58,0.000235238
inverter,1000000,59,0.000238382
inverter,1000000,60,0.000234974
inverter,1000000,61,0.000235021
inverter,1000000,62,0.000234984
inverter,1000000,63,0.000234998
inverter,1000000,64,0.000238041
inverter,1000000,65,0.000235024
inverter,1000000,66,0.000234978
inverter,1000000,67,0.000235056
inverter,1000000,68,0.000237029
inverter,1000000,69,0.000235110
inverter,1000000,70,0.000235294
inverter,1000000,71,0.000235285
inverter,1000000,72,0.000240495
inverter,1000000,73,0.000235014
inverter,1000000,74,0.000235071
inverter,1000000,75,0.000235346
inverter,1000000,76,0.000237624
inverter,1000000,77,0.000235038
inverter,1000000,78,0.000235045
inverter,1000000,79,0.000235156
inverter,1000000,80,0.000243240
inverter,1000000,81,0.000245316
inverter,1000000,82,0.000235892
inverter,1000000,83,0.000235069
inverter,1000000,84,0.000235100
inverter,1000000,85,0.000244821
inverter,1000000,86,0.000235109
inverter,1000000,87,0.000235074
inverter,1000000,88,0.000235004
inverter,1000000,89,0.000248687
inverter,1000000,90,0.000255789
inverter,1000000,91,0.000235335
inverter,1000000,92,0.000236954
inverter,1000000,93,0.000262180
inverter,1000000,94,0.000250735
inverter,1000000,95,0.000235034
inverter,1000000,96,0.000234997
inverter,1000000,97,0.000242283
inverter,1000000,98,0.000247283
inverter,1000000,99,0.000235303
inverter,1000000,100,0.000235054
buscaSequencial,1000000,1,0.000248329
buscaSequencial,1000000,2,0.000244813
buscaSequencial,1000000,3,0.000248836
buscaSequencial,1000000,4,0.000222840
buscaSequencial,1000000,5,0.000212961
buscaSequencial,1000000,6,0.000240205
buscaSequencial,1000000,7,0.000227177
buscaSequencial,1000000,8,0.000213628
buscaSequencial,1000000,9,0.000212984
buscaSequencial,1000000,10,0.000237843
buscaSequencial,1000000,11,0.000330185
buscaSequencial,1000000,12,0.000242682
buscaSequencial,1000000,13,0.000213941
buscaSequencial,1000000,14,0.000235721
buscaSequencial,1000000,15,0.000233611
buscaSequencial,1000000,16,0.000213504
buscaSequencial,1000000,17,0.000212981
buscaSequencial,1000000,18,0.000215035
buscaSequencial,1000000,19,0.000241735
buscaSequencial,1000000,20,0.000220996
buscaSequencial,1000000,21,0.000215862
buscaSequencial,1000000,22,0.000214113
buscaSequencial,1000000,23,0.000238232
buscaSequencial,1000000,24,0.000231492
buscaSequencial,1000000,25,0.000226962
buscaSequencial,1000000,26,0.000217982
buscaSequencial,1000000,27,0.000225592
buscaSequencial,1000000,28,0.000242713
buscaSequencial,1000000,29,0.000213677
buscaSequencial,1000000,30,0.000214508
buscaSequencial,1000000,31,0.000215230
buscaSequencial,1000000,32,0.000244315
buscaSequencial,1000000,33,0.000227410
buscaSequencial,1000000,34,0.000213066
buscaSequencial,1000000,35,0.000212952
buscaSequencial,1000000,36,0.000218998
buscaSequencial,1000000,37,0.000213013
buscaSequencial,1000000,38,0.000213728
buscaSequencial,1000000,39,0.000212959
buscaSequencial,1000000,40,0.000213009
buscaSequencial,1000000,41,0.000223577
buscaSequencial,1000000,42,0.000222493
buscaSequencial,1000000,43,0.000212938
buscaSequencial,1000000,44,0.000212819
buscaSequencial,1000000,45,0.000215728
buscaSequencial,1000000,46,0.000226002
buscaSequencial,1000000,47,0.000216925
buscaSequencial,1000000,48,0.000213119
buscaSequencial,1000000,49,0.000213234
buscaSequencial,1000000,50,0.000225771
buscaSequencial,1000000,51,0.000225712
buscaSequencial,1000000,52,0.000213055
buscaSequencial,1000000,53,0.000213162
buscaSequencial,1000000,54,0.000213026
buscaSequencial,1000000,55,0.000227989
buscaSequencial,1000000,56,0.000218552
buscaSequencial,1000000,57,0.000213182
buscaSequencial,1000000,58,0.000213007
buscaSequencial,1000000,59,0.000218925
buscaSequencial,1000000,60,0.000227268
buscaSequencial,1000000,61,0.000213886
buscaSequencial,1000000,62,0.000213275
buscaSequencial,1000000,63,0.000227344
buscaSequencial,1000000,64,0.000231518
buscaSequencial,1000000,65,0.000219971
buscaSequencial,1000000,66,0.000212914
buscaSequencial,1000000,67,0.000212993
buscaSequencial,1000000,68,0.000225963
buscaSequencial,1000000,69,0.000242395
buscaSequencial,1000000,70,0.000212988
buscaSequencial,1000000,71,0.000212952
buscaSequencial,1000000,72,0.000237435
buscaSequencial,1000000,73,0.000246856
buscaSequencial,1000000,74,0.000222841
buscaSequencial,1000000,75,0.000213638
buscaSequencial,1000000,76,0.000213025
buscaSequencial,1000000,77,0.000222116
buscaSequencial,1000000,78,0.000241376
buscaSequencial,1000000,79,0.000213100
buscaSequencial,1000000,80,0.000213203
buscaSequencial,1000000,81,0.000214330
buscaSequencial,1000000,82,0.000237255
buscaSequencial,1000000,83,0.000225054
buscaSequencial,1000000,84,0.000213040
buscaSequencial,1000000,85,0.000213059
buscaSequencial,1000000,86,0.000226539
buscaSequencial,1000000,87,0.000239847
buscaSequencial,1000000,88,0.000212691
buscaSequencial,1000000,89,0.000213209
buscaSequencial,1000000,90,0.000212905
buscaSequencial,1000000,91,0.000238395
buscaSequencial,1000000,92,0.000226503
buscaSequencial,1000000,93,0.000227991
buscaSequencial,1000000,94,0.000220529
buscaSequencial,1000000,95,0.000227859
buscaSequencial,1000000,96,0.000225551
buscaSequencial,1000000,97,0.000213468
buscaSequencial,1000000,98,0.000213356
buscaSequencial,1000000,99,0.000212949
buscaSequencial,1000000,100,0.000240553
buscaBinariaIterativa,1000000,1,0.000000041
buscaBinariaIterativa,1000000,2,0.000000045
buscaBinariaIterativa,1000000,3,0.000000037
buscaBinariaIterativa,1000000,4,0.000000033
buscaBinariaIterativa,1000000,5,0.000000032
buscaBinariaIterativa,1000000,6,0.000000032
buscaBinariaIterativa,1000000,7,0.000000034
buscaBinariaIterativa,1000000,8,0.000000031
buscaBinariaIterativa,1000000,9,0.000000032
buscaBinariaIterativa,1000000,10,0.000000033
buscaBinariaIterativa,1000000,11,0.000000033
buscaBinariaIterativa,1000000,12,0.000000032
buscaBinariaIterativa,1000000,13,0.000000031
buscaBinariaIterativa,1000000,14,0.000000033
buscaBinariaIterativa,1000000,15,0.000000032
buscaBinariaIterativa,1000000,16,0.000000033
buscaBinariaIterativa,1000000,17,0.000000032
buscaBinariaIterativa,1000000,18,0.000000032
buscaBinariaIterativa,1000000,19,0.000000033
buscaBinariaIterativa,1000000,20,0.000000033
buscaBinariaIterativa,1000000,21,0.000000032
buscaBinariaIterativa,1000000,22,0.000000032
buscaBinariaIterativa,1000000,23,0.000000032
buscaBinariaIterativa,1000000,24,0.000000032
buscaBinariaIterativa,1000000,25,0.000000032
buscaBinariaIterativa,1000000,26,0.000000057
buscaBinariaIterativa,1000000,27,0.000000032
buscaBinariaIterativa,1000000,28,0.000000032
buscaBinariaIterativa,1000000,29,0.000000032
buscaBinariaIterativa,1000000,30,0.000000033
buscaBinariaIterativa,1000000,31,0.000000032
buscaBinariaIterativa,1000000,32,0.000000032
buscaBinariaIterativa,1000000,33,0.000000031
buscaBinariaIterativa,1000000,34,0.000000032
buscaBinariaIterativa,1000000,35,0.000000033
buscaBinariaIterativa,1000000,36,0.000000032
buscaBinariaIterativa,1000000,37,0.000000033
buscaBinariaIterativa,1000000,38,0.000000032
buscaBinariaIterativa,1000000,39,0.000000032
buscaBinariaIterativa,1000000,40,0.000000032
buscaBinariaIterativa,1000000,41,0.000000031
buscaBinariaIterativa,1000000,42,0.000000033
buscaBinariaIterativa,1000000,43,0.000000032
buscaBinariaIterativa,1000000,44,0.000000033
buscaBinariaIterativa,1000000,45,0.000000033
buscaBinariaIterativa,1000000,46,0.000000041
buscaBinariaIterativa,1000000,47,0.000000057
buscaBinariaIterativa,1000000,48,0.000000034
buscaBinariaIterativa,1000000,49,0.000000050
buscaBinariaIterativa,1000000,50,0.000000056
buscaBinariaIterativa,1000000,51,0.000000048
buscaBinariaIterativa,1000000,52,0.000000035
buscaBinariaIterativa,1000000,53,0.000000036
buscaBinariaIterativa,1000000,54,0.000000036
buscaBinariaIterativa,1000000,55,0.000000035
buscaBinariaIterativa,1000000,56,0.000000036
buscaBinariaIterativa,1000000,57,0.000000036
buscaBinariaIterativa,1000000,58,0.000000035
buscaBinariaIterativa,1000000,59,0.000000036
buscaBinariaIterativa,1000000,60,0.000000038
buscaBinariaIterativa,1000000,61,0.000000038
buscaBinariaIterativa,1000000,62,0.000000036
buscaBinariaIterativa,1000000,63,0.000000035
buscaBinariaIterativa,1000000,64,0.000000036
buscaBinariaIterativa,1000000,65,0.000000036
buscaBinariaIterativa,1000000,66,0.000000035
buscaBinariaIterativa,1000000,67,0.000000035
buscaBinariaIterativa,1000000,68,0.000000037
buscaBinariaIterativa,1000000,69,0.000000036
buscaBinariaIterativa,1000000,70,0.000000035
buscaBinariaIterativa,1000000,71,0.000000036
buscaBinariaIterativa,1000000,72,0.000000034
buscaBinariaIterativa,1000000,73,0.000000037
buscaBinariaIterativa,1000000,74,0.000000036
buscaBinariaIterativa,1000000,75,0.000000035
buscaBinariaIterativa,1000000,76,0.000000035
buscaBinariaIterativa,1000000,77,0.000000036
buscaBinariaIterativa,1000000,78,0.000000036
buscaBinariaIterativa,1000000,79,0.000000036
buscaBinariaIterativa,1000000,80,0.000000037
buscaBinariaIterativa,1000000,81,0.000000036
buscaBinariaIterativa,1000000,82,0.000000036
buscaBinariaIterativa,1000000,83,0.000000035
buscaBinariaIterativa,1000000,84,0.000000036
buscaBinariaIterativa,1000000,85,0.000000036
buscaBinariaIterativa,1000000,86,0.000000035
buscaBinariaIterativa,1000000,87,0.000000035
buscaBinariaIterativa,1000000,88,0.000000035
buscaBinariaIterativa,1000000,89,0.000000036
buscaBinariaIterativa,1000000,90,0.000000037
buscaBinariaIterativa,1000000,91,0.000000037
buscaBinariaIterativa,1000000,92,0.000000036
buscaBinariaIterativa,1000000,93,0.000000035
buscaBinariaIterativa,1000000,94,0.000000037
buscaBinariaIterativa,1000000,95,0.000000037
buscaBinariaIterativa,1000000,96,0.000000037
buscaBinariaIterativa,1000000,97,0.000000036
buscaBinariaIterativa,1000000,98,0.000000036
buscaBinariaIterativa,1000000,99,0.000000036
buscaBinariaIterativa,1000000,100,0.000000038
buscaBinariaRecursiva,1000000,1,0.000000052
buscaBinariaRecursiva,1000000,2,0.000000048
buscaBinariaRecursiva,1000000,3,0.000000040
buscaBinariaRecursiva,1000000,4,0.000000042
buscaBinariaRecursiva,1000000,5,0.000000041
buscaBinariaRecursiva,1000000,6,0.000000042
buscaBinariaRecursiva,1000000,7,0.000000042
buscaBinariaRecursiva,1000000,8,0.000000040
buscaBinariaRecursiva,1000000,9,0.000000043
buscaBinariaRecursiva,1000000,10,0.000000039
buscaBinariaRecursiva,1000000,11,0.000000042
buscaBinariaRecursiva,1000000,12,0.000000040
buscaBinariaRecursiva,1000000,13,0.000000041
buscaBinariaRecursiva,1000000,14,0.000000040
buscaBinariaRecursiva,1000000,15,0.000000039
buscaBinariaRecursiva,1000000,16,0.000000043
buscaBinariaRecursiva,1000000,17,0.000000039
buscaBinariaRecursiva,1000000,18,0.000000043
buscaBinariaRecursiva,1000000,19,0.000000038
buscaBinariaRecursiva,1000000,20,0.000000040
buscaBinariaRecursiva,1000000,21,0.000000039
buscaBinariaRecursiva,1000000,22,0.000000039
buscaBinariaRecursiva,1000000,23,0.000000040
buscaBinariaRecursiva,1000000,24,0.000000038
buscaBinariaRecursiva,1000000,25,0.000000039
buscaBinariaRecursiva,1000000,26,0.000000040
buscaBinariaRecursiva,1000000,27,0.000000039
buscaBinariaRecursiva,1000000,28,0.000000041
buscaBinariaRecursiva,1000000,29,0.000000040
buscaBinariaRecursiva,1000000,30,0.000000038
buscaBinariaRecursiva,1000000,31,0.000000039
buscaBinariaRecursiva,1000000,32,0.000000038
buscaBinariaRecursiva,1000000,33,0.000000042
buscaBinariaRecursiva,1000000,34,0.000000038
buscaBinariaRecursiva,1000000,35,0.000000038
buscaBinariaRecursiva,1000000,36,0.000000040
buscaBinariaRecursiva,1000000,37,0.000000039
buscaBinariaRecursiva,1000000,38,0.000000039
buscaBinariaRecursiva,1000000,39,0.000000040
buscaBinariaRecursiva,1000000,40,0.000000039
buscaBinariaRecursiva,1000000,41,0.000000040
buscaBinariaRecursiva,1000000,42,0.000000039
buscaBinariaRecursiva,1000000,43,0.000000040
buscaBinariaRecursiva,1000000,44,0.000000038
buscaBinariaRecursiva,1000000,45,0.000000038
buscaBinariaRecursiva,1000000,46,0.000000038
buscaBinariaRecursiva,1000000,47,0.000000038
buscaBinariaRecursiva,1000000,48,0.000000037
buscaBinariaRecursiva,1000000,49,0.000000041
buscaBinariaRecursiva,1000000,50,0.000000041
buscaBinariaRecursiva,1000000,51,0.000000038
buscaBinariaRecursiva,1000000,52,0.000000042
buscaBinariaRecursiva,1000000,53,0.000000040
buscaBinariaRecursiva,1000000,54,0.000000040
buscaBinariaRecursiva,1000000,55,0.000000039
buscaBinariaRecursiva,1000000,56,0.000000039
buscaBinariaRecursiva,1000000,57,0.000000041
buscaBinariaRecursiva,1000000,58,0.000000040
buscaBinariaRecursiva,1000000,59,0.000000040
buscaBinariaRecursiva,1000000,60,0.000000040
buscaBinariaRecursiva,1000000,61,0.000000039
buscaBinariaRecursiva,1000000,62,0.000000040
buscaBinariaRecursiva,1000000,63,0.000000039
buscaBinariaRecursiva,1000000,64,0.000000039
buscaBinariaRecursiva,1000000,65,0.000000039
buscaBinariaRecursiva,1000000,66,0.000000040
buscaBinariaRecursiva,1000000,67,0.000000039
buscaBinariaRecursiva,1000000,68,0.000000039
buscaBinariaRecursiva,1000000,69,0.000000040
buscaBinariaRecursiva,1000000,70,0.000000038
buscaBinariaRecursiva,1000000,71,0.000000040
buscaBinariaRecursiva,1000000,72,0.000000039
buscaBinariaRecursiva,1000000,73,0.000000039
buscaBinariaRecursiva,1000000,74,0.000000040
buscaBinariaRecursiva,1000000,75,0.000000039
buscaBinariaRecursiva,1000000,76,0.000000040
buscaBinariaRecursiva,1000000,77,0.000000039
buscaBinariaRecursiva,1000000,78,0.000000042
buscaBinariaRecursiva,1000000,79,0.000000039
buscaBinariaRecursiva,1000000,80,0.000000040
buscaBinariaRecursiva,1000000,81,0.000000040
buscaBinariaRecursiva,1000000,82,0.000000040
buscaBinariaRecursiva,1000000,83,0.000000039
buscaBinariaRecursiva,1000000,84,0.000000040
buscaBinariaRecursiva,1000000,85,0.000000037
buscaBinariaRecursiva,1000000,86,0.000000042
buscaBinariaRecursiva,1000000,87,0.000000041
buscaBinariaRecursiva,1000000,88,0.000000038
buscaBinariaRecursiva,1000000,89,0.000000038
buscaBinariaRecursiva,1000000,90,0.000000039
buscaBinariaRecursiva,1000000,91,0.000000039
buscaBinariaRecursiva,1000000,92,0.000000040
buscaBinariaRecursiva,1000000,93,0.000000038
buscaBinariaRecursiva,1000000,94,0.000000039
buscaBinariaRecursiva,1000000,95,0.000000039
buscaBinariaRecursiva,1000000,96,0.000000039
buscaBinariaRecursiva,1000000,97,0.000000040
buscaBinariaRecursiva,1000000,98,0.000000040
buscaBinariaRecursiva,1000000,99,0.000000038
buscaBinariaRecursiva,1000000,100,0.000000037
